title,year,duration,pg_rating,metascore,actual_rating,vote_count,description,genre,director,actors
title,year,duration,pg_rating,metascore,actual_rating,vote_count,description,genre,director,actors
The Shawshank Redemption,1994,2h 22m,R,82,9.3, (3.1M),"A banker convicted of uxoricide forms a friendship over a quarter century with a hardened convict, while maintaining his innocence and trying to remain hopeful through simple compassion.",Drama,Frank Darabont,"Tim Robbins, Morgan Freeman, Bob Gunton"
The Dark Knight,2008,2h 32m,PG-13,85,9.1, (3.1M),"When a menace known as the Joker wreaks havoc and chaos on the people of Gotham, Batman, James Gordon and Harvey Dent must work together to put an end to the madness.","Action, Crime, Drama",Christopher Nolan,"Christian Bale, Heath Ledger, Aaron Eckhart"
Inception,2010,2h 28m,PG-13,74,8.8, (2.7M),"A thief who steals corporate secrets through the use of dream-sharing technology is given the inverse task of planting an idea into the mind of a C.E.O., but his tragic past may doom the project and his team to disaster.","Action, Adventure, Sci-Fi",Christopher Nolan,"Leonardo DiCaprio, Joseph Gordon-Levitt, Elliot Page"
Fight Club,1999,2h 19m,R,67,8.8, (2.5M),An insomniac office worker and a devil-may-care soap maker form an underground fight club that evolves into much more.,"Crime, Drama, Thriller",David Fincher,"Edward Norton, Brad Pitt, Meat Loaf"
Pulp Fiction,1994,2h 34m,R,95,8.8, (2.4M),"The lives of two mob hitmen, a boxer, a gangster and his wife, and a pair of diner bandits intertwine in four tales of violence and redemption.","Crime, Drama",Quentin Tarantino,"Tim Roth, Amanda Plummer, Laura Lovelace"
Forrest Gump,1994,2h 22m,PG-13,82,8.8, (2.4M),"The history of the United States from the 1950s to the '70s unfolds from the perspective of an Alabama man with an IQ of 75, who yearns to be reunited with his childhood sweetheart.","Drama, Romance",Robert Zemeckis,"Tom Hanks, Rebecca Williams, Sally Field"
The Lord of the Rings: The Fellowship of the Ring,2001,2h 58m,PG-13,92,8.9, (2.1M),A meek Hobbit from the Shire and eight companions set out on a journey to destroy the powerful One Ring and save Middle-earth from the Dark Lord Sauron.,"Adventure, Drama, Fantasy",Peter Jackson,"Alan Howard, Noel Appleby, Sean Astin"
The Matrix,1999,2h 16m,R,73,8.7, (2.2M),"When a beautiful stranger leads computer hacker Neo to a forbidding underworld, he discovers the shocking truth--the life he knows is the elaborate deception of an evil cyber-intelligence.","Action, Sci-Fi","Lana Wachowski, Lilly Wachowski","Keanu Reeves, Laurence Fishburne, Carrie-Anne Moss"
The Lord of the Rings: The Return of the King,2003,3h 21m,PG-13,94,9, (2.1M),Gandalf and Aragorn lead the World of Men against Sauron's army to draw his gaze from Frodo and Sam as they approach Mount Doom with the One Ring.,"Adventure, Drama, Fantasy",Peter Jackson,"Noel Appleby, Ali Astin, Sean Astin"
The Godfather,1972,2h 55m,R,100,9.2, (2.2M),The aging patriarch of an organized crime dynasty transfers control of his clandestine empire to his reluctant son.,"Crime, Drama",Francis Ford Coppola,"Marlon Brando, Al Pacino, James Caan"
The Lord of the Rings: The Two Towers,2002,2h 59m,PG-13,87,8.8, (1.9M),"While Frodo and Sam edge closer to Mordor with the help of the shifty Gollum, the divided fellowship makes a stand against Sauron's new ally, Saruman, and his hordes of Isengard.",No Genre Info,Unknown Director,Unknown Stars
Se7en,1995,2h 7m,R,65,8.6, (2M),"Two detectives, a rookie and a veteran, hunt a serial killer who uses the seven deadly sins as his motives.","Crime, Drama, Mystery",David Fincher,"Morgan Freeman, Andrew Kevin Walker, Daniel Zacapa"
The Avengers,2012,2h 23m,PG-13,69,8, (1.5M),Earth's mightiest heroes must come together and learn to fight as a team if they are going to stop the mischievous Loki and his alien army from enslaving humanity.,"Action, Sci-Fi",Joss Whedon,"Robert Downey Jr., Chris Evans, Mark Ruffalo"
Gladiator,2000,2h 35m,R,67,8.5, (1.8M),A former Roman General sets out to exact vengeance against the corrupt emperor who murdered his family and sent him into slavery.,"Action, Adventure, Drama",Ridley Scott,"Russell Crowe, Joaquin Phoenix, Connie Nielsen"
Batman Begins,2005,2h 20m,PG-13,70,8.2, (1.7M),"After witnessing his parents' death, billionaire Bruce Wayne learns the art of fighting to confront injustice. When he returns to Gotham as Batman, he must stop a secret society that intends to destroy the city.",No Genre Info,Unknown Director,Unknown Stars
Django Unchained,2012,2h 45m,R,81,8.5, (1.8M),"With the help of a German bounty-hunter, a freed slave sets out to rescue his wife from a brutal plantation owner in Mississippi.",No Genre Info,Unknown Director,Unknown Stars
Interstellar,2014,2h 49m,PG-13,74,8.7, (2.4M),"When Earth becomes uninhabitable in the future, a farmer and ex-NASA pilot, Joseph Cooper, is tasked to pilot a spacecraft, along with a team of researchers, to find a new planet for humans.",No Genre Info,Unknown Director,Unknown Stars
Star Wars: Episode IV - A New Hope,1977,2h 1m,PG,90,8.6, (1.5M),"Luke Skywalker joins forces with a Jedi Knight, a cocky pilot, a Wookiee and two droids to save the galaxy from the Empire's world-destroying battle station, while also attempting to rescue Princess Leia from the mysterious Darth Vader.","Action, Adventure, Fantasy",George Lucas,"Mark Hamill, Harrison Ford, Carrie Fisher"
The Silence of the Lambs,1991,1h 58m,R,86,8.6, (1.7M),"A young F.B.I. cadet must receive the help of an incarcerated and manipulative cannibal killer to help catch another serial killer, a madman who skins his victims.","Crime, Drama, Horror",Jonathan Demme,"Jodie Foster, Anthony Hopkins, Scott Glenn"
Avatar,2009,2h 42m,PG-13,83,7.9, (1.5M),A paraplegic Marine dispatched to the moon Pandora on a unique mission becomes torn between following his orders and protecting the world he feels is his home.,"Action, Adventure, Fantasy",James Cameron,"Sam Worthington, Zoe Saldaña, Sigourney Weaver"
Inglourious Basterds,2009,2h 33m,R,69,8.4, (1.7M),"In Nazi-occupied France during World War II, a plan to assassinate Nazi leaders by a group of Jewish U.S. soldiers coincides with a theatre owner's vengeful plans for the same.","Adventure, Drama, War",Quentin Tarantino,"Brad Pitt, Mélanie Laurent, Christoph Waltz"
Saving Private Ryan,1998,2h 49m,R,91,8.6, (1.6M),"Following the Normandy Landings, a group of U.S. soldiers go behind enemy lines to retrieve a paratrooper whose comrades have been killed in action.","Drama, War",Steven Spielberg,"Tom Hanks, Tom Sizemore, Edward Burns"
The Departed,2006,2h 31m,R,85,8.5, (1.5M),An undercover cop and a mole in the police attempt to identify each other while infiltrating an Irish gang in South Boston.,"Crime, Drama, Thriller",Martin Scorsese,"Leonardo DiCaprio, Matt Damon, Jack Nicholson"
Schindler's List,1993,3h 15m,R,95,9, (1.6M),"In German-occupied Poland during World War II, industrialist Oskar Schindler gradually becomes concerned for his Jewish workforce after witnessing their persecution by the Nazis.","Biography, Drama, History",Steven Spielberg,"Liam Neeson, Ben Kingsley, Ralph Fiennes"
Memento,2000,1h 53m,R,83,8.4, (1.4M),A former insurance investigator who now suffers from anterograde amnesia uses notes and tattoos to hunt down his wife's murderer.,"Drama, Mystery, Thriller",Christopher Nolan,"Guy Pearce, Carrie-Anne Moss, Joe Pantoliano"
The Prestige,2006,2h 10m,PG-13,66,8.5, (1.5M),Rival 19th-century magicians engage in a bitter battle for trade secrets.,"Drama, Mystery, Sci-Fi",Christopher Nolan,"Hugh Jackman, Christian Bale, Michael Caine"
Star Wars: Episode V - The Empire Strikes Back,1980,2h 4m,PG,82,8.7, (1.5M),"After the Empire overpowers the Rebel Alliance, Luke Skywalker begins training with Jedi Master Yoda, while Darth Vader and bounty hunter Boba Fett pursue his friends across the galaxy.","Action, Adventure, Fantasy",Irvin Kershner,"Mark Hamill, Harrison Ford, Carrie Fisher"
American Beauty,1999,2h 2m,R,84,8.3, (1.3M),A sexually frustrated suburban father has a mid-life crisis after becoming infatuated with his daughter's best friend.,Drama,Sam Mendes,"Kevin Spacey, Annette Bening, Thora Birch"
Pirates of the Caribbean: The Curse of the Black Pearl,2003,2h 23m,PG-13,63,8.1, (1.3M),"Blacksmith Will Turner teams up with eccentric pirate ""Captain"" Jack Sparrow to save Elizabeth Swann, the governor's daughter and his love, from Jack's former pirate allies, who are now undead.","Action, Adventure, Fantasy",Gore Verbinski,"Johnny Depp, Geoffrey Rush, Orlando Bloom"
Titanic,1997,3h 14m,PG-13,75,7.9, (1.4M),"A seventeen-year-old aristocrat falls in love with a kind but poor artist aboard the luxurious, ill-fated R.M.S. Titanic.","Drama, Romance",James Cameron,"Leonardo DiCaprio, Kate Winslet, Billy Zane"
V for Vendetta,2005,2h 12m,R,62,8.1, (1.2M),"In a future British dystopian society, a shadowy freedom fighter, known only by the alias of ""V"", plots to overthrow the tyrannical government - with the help of a young woman.","Action, Drama, Sci-Fi",James McTeigue,"Natalie Portman, Hugo Weaving, Stephen Rea"
The Godfather Part II,1974,3h 22m,R,90,9, (1.5M),"The early life and career of Vito Corleone in 1920s New York City is portrayed, while his son, Michael, expands and tightens his grip on the family crime syndicate.","Crime, Drama",Francis Ford Coppola,"Al Pacino, Robert Duvall, Diane Keaton"
Shutter Island,2010,2h 18m,R,63,8.2, (1.6M),Two US marshals are sent to a mental institution on an inhospitable island in order to investigate the disappearance of a patient.,"Drama, Mystery, Thriller",Martin Scorsese,"Leonardo DiCaprio, Mark Ruffalo, Ben Kingsley"
American History X,1998,1h 59m,R,62,8.5, (1.2M),A white supremacist is released from prison a changed man and hopes to prevent his younger brother from following in his footsteps.,"Crime, Drama",Tony Kaye,"Edward Norton, Edward Furlong, Beverly D'Angelo"
The Green Mile,1999,3h 9m,R,61,8.6, (1.5M),A death row guard learns that a gentle giant in his charge possesses a mysterious gift.,"Crime, Drama, Fantasy",Frank Darabont,"Tom Hanks, David Morse, Bonnie Hunt"
The Wolf of Wall Street,2013,3h,R,75,8.2, (1.7M),"Based on the true story of Jordan Belfort, from his rise to a wealthy stock-broker living the high life to his fall involving crime, corruption and the federal government.","Biography, Comedy, Crime",Martin Scorsese,"Leonardo DiCaprio, Jonah Hill, Margot Robbie"
Terminator 2: Judgment Day,1991,2h 17m,R,75,8.6, (1.3M),"A cyborg, identical to the one who failed to kill Sarah Connor, must now protect her ten year old son John from an even more advanced and powerful cyborg.","Action, Adventure, Sci-Fi",James Cameron,"Arnold Schwarzenegger, Linda Hamilton, Edward Furlong"
The Usual Suspects,1995,1h 46m,R,76,8.5, (1.2M),The sole survivor of a pier shoot-out tells the story of how a notorious criminal influenced the events that began with five criminals meeting in a seemingly random police lineup.,"Crime, Drama, Mystery",Bryan Singer,"Stephen Baldwin, Gabriel Byrne, Benicio Del Toro"
Braveheart,1995,2h 58m,R,68,8.3, (1.1M),Scottish warrior William Wallace leads his countrymen in a rebellion to free his homeland from the tyranny of King Edward I of England.,"Biography, Drama, War",Mel Gibson,"James Robinson, Sean Lawlor, Sandy Nelson"
Kill Bill: Vol,2003,1h 51m,R,69,8.2, (1.3M),"After waking from a four-year coma, a former assassin wreaks vengeance on the team of assassins who betrayed her.","Action, Crime, Thriller",Quentin Tarantino,"Uma Thurman, Lucy Liu, Vivica A. Fox"
Back to the Future,1985,1h 56m,PG,87,8.5, (1.4M),"Marty McFly, a 17-year-old high school student, is accidentally sent 30 years into the past in a time-traveling DeLorean invented by his close friend, the maverick scientist Doc Brown.","Adventure, Comedy, Sci-Fi",Robert Zemeckis,"Michael J. Fox, Christopher Lloyd, Lea Thompson"
Goodfellas,1990,2h 25m,R,92,8.7, (1.4M),"The story of Henry Hill and his life in the mafia, covering his relationship with his wife Karen and his mob partners Jimmy Conway and Tommy DeVito.","Biography, Crime, Drama",Martin Scorsese,"Robert De Niro, Ray Liotta, Joe Pesci"
Léon: The Professional,1994,1h 50m,R,64,8.5, (1.3M),"When her family is murdered by a group of corrupt officers led by the tyrannical Norman Stansfield, a young 12-year-old girl enlists the help of an Italian-American hitman to seek revenge.","Action, Crime, Drama",Luc Besson,"Jean Reno, Gary Oldman, Natalie Portman"
WALL·E,2008,1h 38m,G,95,8.4, (1.3M),"A robot who is responsible for cleaning a waste-covered Earth meets another robot and falls in love with her. Together, they set out on a journey that will alter the fate of mankind.","Animation, Adventure, Family",Andrew Stanton,"Ben Burtt, Elissa Knight, Jeff Garlin"
The Sixth Sense,1999,1h 47m,PG-13,64,8.2, (1.1M),"After being shot by a resentful former patient whom he failed to help, a Philadelphia child psychologist seeks redemption by treating a young boy with a disturbing secret.","Drama, Mystery, Thriller",M. Night Shyamalan,"Bruce Willis, Haley Joel Osment, Toni Collette"
The Hunger Games,2012,2h 22m,PG-13,68,7.2, (1.1M),Katniss Everdeen voluntarily takes her younger sister's place in the Hunger Games: a televised competition in which two teenagers from each of the twelve Districts of Panem are chosen at random to fight to the death.,"Action, Adventure, Sci-Fi",Gary Ross,"Stanley Tucci, Wes Bentley, Jennifer Lawrence"
Iron Man,2008,2h 6m,PG-13,79,7.9, (1.2M),"After being held captive in an Afghan cave, billionaire engineer Tony Stark creates a unique weaponized suit of armor to fight evil.","Action, Adventure, Sci-Fi",Jon Favreau,"Robert Downey Jr., Terrence Howard, Jeff Bridges"
Finding Nemo,2003,1h 40m,G,90,8.2, (1.2M),"After his son is captured in the Great Barrier Reef and taken to Sydney, a timid clownfish sets out on a journey to bring him home.","Animation, Adventure, Comedy","Andrew Stanton, Lee Unkrich","Albert Brooks, Ellen DeGeneres, Alexander Gould"
Star Wars: Episode VI - Return of the Jedi,1983,2h 11m,PG,58,8.3, (1.2M),"After rescuing Han Solo from Jabba the Hutt, the Rebel Alliance attempts to destroy the second Death Star while Luke struggles to help Darth Vader back from the dark side.","Action, Adventure, Fantasy",Richard Marquand,"Mark Hamill, Harrison Ford, Carrie Fisher"
One Flew Over the Cuckoo's Nest,1975,2h 13m,R,84,8.7, (1.1M),"A rebellious convict is sent to a psychiatric hospital for evaluation in 1963 Oregon, and encourages his docile companions to take more control of their lives and defy the tyrannical head nurse.",Drama,Milos Forman,"Michael Berryman, Peter Brocco, Dean R. Brooks"
Guardians of the Galaxy,2014,2h 1m,PG-13,76,8, (1.3M),A group of intergalactic criminals must pull together to stop a fanatical warrior with plans to purge the universe.,"Action, Adventure, Comedy",James Gunn,"Chris Pratt, Zoe Saldaña, Dave Bautista"
The Truman Show,1998,1h 43m,PG,90,8.2, (1.3M),An insurance salesman begins to suspect that his whole life is actually some sort of reality TV show.,"Comedy, Drama",Peter Weir,"Jim Carrey, Laura Linney, Noah Emmerich"
Eternal Sunshine of the Spotless Mind,2004,1h 48m,R,89,8.3, (1.2M),"When their relationship turns sour, a couple undergoes a medical procedure to have each other erased from their memories forever.","Drama, Romance, Sci-Fi",Michel Gondry,"Jim Carrey, Kate Winslet, Gerry Robert Byrne"
Up,2009,1h 36m,PG,88,8.3, (1.2M),"78-year-old Carl Fredricksen travels to South America in his house equipped with balloons, inadvertently taking a young stowaway.","Animation, Adventure, Comedy","Pete Docter, Bob Peterson","Edward Asner, Christopher Plummer, Jordan Nagai"
Reservoir Dogs,1992,1h 39m,R,81,8.3, (1.2M),"When a simple jewelry heist goes horribly wrong, the surviving criminals begin to suspect that one of them is a police informant.","Crime, Thriller",Quentin Tarantino,"Harvey Keitel, Tim Roth, Michael Madsen"
Raiders of the Lost Ark,1981,1h 55m,PG,86,8.4, (1.1M),"In 1936, archaeologist Indiana Jones is tasked by Army Intelligence to help locate a legendary ancient power, the Ark of Covenant, before the Nazis get it first.","Action, Adventure",Steven Spielberg,"Harrison Ford, Karen Allen, Paul Freeman"
Sin City,2005,2h 4m,R,74,8, (814K),"An exploration of the dark and miserable Basin City and three of its residents, all of whom are caught up in violent corruption.","Crime, Thriller","Frank Miller, Robert Rodriguez, Quentin Tarantino","Jessica Alba, Devon Aoki, Alexis Bledel"
The Lion King,1994,1h 28m,G,88,8.5, (1.2M),"Lion prince Simba and his father are targeted by his bitter uncle, who wants to ascend the throne himself.","Animation, Adventure, Drama","Roger Allers, Rob Minkoff","Rowan Atkinson, Matthew Broderick, Niketa Calame-Harris"
Slumdog Millionaire,2008,2h,R,84,8, (902K),"When a teenager from the slums of Mumbai is interrogated about his suspicious performance on a quiz show, he revisits various events from his past to explain how he knew all the answers.","Crime, Drama, Romance","Danny Boyle, Loveleen Tandan","Dev Patel, Saurabh Shukla, Anil Kapoor"
The Hobbit: An Unexpected Journey,2012,2h 49m,PG-13,58,7.8, (913K),"A reluctant Hobbit, Bilbo Baggins, sets out to the Lonely Mountain with a spirited group of dwarves to reclaim their mountain home and the gold within it from the dragon Smaug.","Adventure, Fantasy",Peter Jackson,"Ian McKellen, Martin Freeman, Richard Armitage"
Toy Story,1995,1h 21m,G,96,8.3, (1.1M),"A cowboy doll is profoundly jealous when a new spaceman action figure supplants him as the top toy in a boy's bedroom. When circumstances separate them from their owner, the duo have to put aside their differences to return to him.","Animation, Adventure, Comedy",John Lasseter,"Tom Hanks, Tim Allen, Don Rickles"
Jurassic Park,1993,2h 7m,PG-13,68,8.2, (1.1M),"An industrialist invites some experts to visit his theme park of cloned dinosaurs. After a power failure, the creatures run loose, putting everyone's lives, including his grandchildren's, in danger.","Action, Adventure, Sci-Fi",Steven Spielberg,"Sam Neill, Laura Dern, Jeff Goldblum"
No Country for Old Men,2007,2h 2m,R,92,8.2, (1.2M),Violence and mayhem ensue after a hunter stumbles upon the aftermath of a drug deal gone wrong and over two million dollars in cash near the Rio Grande.,"Crime, Drama, Thriller","Ethan Coen, Joel Coen","Tommy Lee Jones, Javier Bardem, Josh Brolin"
A Beautiful Mind,2001,2h 15m,PG-13,72,8.2, (1M),"A mathematical genius, John Nash made an astonishing discovery early in his career and stood on the brink of international acclaim. But the handsome and arrogant Nash soon found himself on a harrowing journey of self-discovery.","Biography, Drama, Mystery",Ron Howard,"Russell Crowe, Ed Harris, Jennifer Connelly"
The Shining,1980,2h 26m,R,68,8.4, (1.2M),"A family heads to an isolated hotel for the winter, where a sinister presence influences the father into violence. At the same time, his psychic son sees horrifying forebodings from both the past and the future.","Drama, Horror",Stanley Kubrick,"Jack Nicholson, Shelley Duvall, Danny Lloyd"
300,2006,1h 57m,R,52,7.6, (901K),"In the ancient battle of Thermopylae, King Leonidas and 300 Spartans fight against Xerxes and his massive Persian army.","Action, Drama",Zack Snyder,"Gerard Butler, Lena Headey, Dominic West"
Good Will Hunting,1997,2h 6m,R,71,8.3, (1.2M),"A therapist counsels Will Hunting, a janitor with a genius IQ.","Drama, Romance",Gus Van Sant,"Matt Damon, Ben Affleck, Stellan Skarsgård"
Snatch,2000,1h 42m,R,55,8.2, (960K),"Unscrupulous boxing promoters, violent bookmakers, a Russian gangster, incompetent amateur robbers and supposedly Jewish jewelers fight to track down a priceless stolen diamond.","Comedy, Crime",Guy Ritchie,"Ade, William Beck, Andy Beckwith"
The Terminator,1984,1h 47m,R,84,8.1, (982K),A cyborg assassin from the future attempts to find and kill a young woman who is destined to give birth to a warrior that will lead a resistance to save humankind from extinction.,"Action, Adventure, Sci-Fi",James Cameron,"Arnold Schwarzenegger, Michael Biehn, Linda Hamilton"
Die Hard,1988,2h 12m,R,72,8.2, (1M),"A New York City cop, John McClane, tries to save his estranged wife and several others taken hostage by terrorists during a Christmas Eve party at the Nakatomi Plaza Skyscraper in Los Angeles, California.","Action, Thriller",John McTiernan,"Bruce Willis, Bonnie Bedelia, Reginald VelJohnson"
"Monsters, Inc.",2001,1h 32m,G,79,8.1, (1M),"In order to power the city, monsters have to scare children so that they scream. However, the children are toxic to the monsters, and after a child gets through, two monsters realize things may not be what they think.","Animation, Adventure, Comedy","Pete Docter, David Silverman, Lee Unkrich","John Goodman, Billy Crystal, Mary Gibbs"
The Hangover,2009,1h 40m,R,73,7.7, (906K),Three buddies wake up from a bachelor party in Las Vegas with no memory of the previous night and the bachelor missing. They must make their way around the city in order to find their friend in time for his wedding.,Comedy,Todd Phillips,"Bradley Cooper, Ed Helms, Zach Galifianakis"
Gravity,2013,1h 31m,PG-13,96,7.7, (890K),"Dr Ryan Stone, an engineer on her first space mission, and Matt Kowalski, an astronaut on his final expedition, have to survive in space after they are hit by debris while spacewalking.","Drama, Sci-Fi, Thriller",Alfonso Cuarón,"Sandra Bullock, George Clooney, Ed Harris"
Donnie Darko,2001,1h 53m,R,88,8, (895K),"After narrowly escaping a bizarre accident, a troubled teenager is plagued by visions of a man in a large rabbit suit who manipulates him to commit a series of crimes.","Drama, Mystery, Sci-Fi",Richard Kelly,"Jake Gyllenhaal, Jena Malone, Mary McDonnell"
Requiem for a Dream,2000,1h 42m,NC-17,71,8.3, (955K),The drug-induced utopias of four Coney Island people are shattered when their addictions run deep.,Drama,Darren Aronofsky,"Ellen Burstyn, Jared Leto, Jennifer Connelly"
Gone Girl,2014,2h 29m,R,79,8.1, (1.1M),The husband of a missing woman becomes the main suspect in her disappearance.,"Drama, Mystery, Thriller",David Fincher,"Ben Affleck, Rosamund Pike, Neil Patrick Harris"
Alien,1979,1h 57m,R,89,8.5, (1M),"After investigating a mysterious transmission of unknown origin, the crew of a commercial spacecraft encounters a deadly lifeform.","Horror, Sci-Fi",Ridley Scott,"Tom Skerritt, Sigourney Weaver, Veronica Cartwright"
Star Wars: Episode VII - The Force Awakens,2015,2h 18m,PG-13,80,7.7, (1M),"As a new threat to the galaxy rises, Rey, a desert scavenger, and Finn, an ex-stormtrooper, must join Han Solo and Chewbacca to search for the one hope of restoring peace.","Action, Adventure, Sci-Fi",J.J. Abrams,"Harrison Ford, Mark Hamill, Carrie Fisher"
Gran Torino,2008,1h 56m,R,73,8.1, (850K),"After a Hmong teenager tries to steal his prized 1972 Gran Torino, a disgruntled, prejudiced Korean War veteran seeks to redeem both the boy and himself.",Drama,Clint Eastwood,"Clint Eastwood, Christopher Carley, Bee Vang"
A Clockwork Orange,1971,2h 16m,R,77,8.2, (923K),Alex DeLarge and his droogs barbarize a decaying near-future.,"Crime, Sci-Fi",Stanley Kubrick,"Malcolm McDowell, Patrick Magee, Michael Bates"
Iron Man 3,2013,2h 10m,PG-13,62,7.1, (947K),"When Tony Stark's world is torn apart by a formidable terrorist called the Mandarin, he starts an odyssey of rebuilding and retribution.","Action, Adventure, Sci-Fi",Shane Black,"Robert Downey Jr., Gwyneth Paltrow, Don Cheadle"
Black Swan,2010,1h 48m,R,79,8, (873K),"Nina is a talented but unstable ballerina on the verge of stardom. Pushed to the breaking point by her artistic director and a seductive rival, Nina's grip on reality slips, plunging her into a waking nightmare.","Drama, Thriller",Darren Aronofsky,"Natalie Portman, Mila Kunis, Vincent Cassel"
Mad Max: Fury Road,2015,2h,R,90,8.1, (1.2M),"In a post-apocalyptic wasteland, a woman rebels against a tyrannical ruler in search for her homeland with the aid of a group of female prisoners, a psychotic worshipper and a drifter named Max.","Action, Adventure, Sci-Fi",George Miller,"Tom Hardy, Charlize Theron, Nicholas Hoult"
Man of Steel,2013,2h 23m,PG-13,55,7.1, (855K),An alien child is evacuated from his dying world and sent to Earth to live among humans. His peace is threatened when other survivors of his home planet invade Earth.,"Action, Adventure, Sci-Fi",Zack Snyder,"Henry Cavill, Amy Adams, Michael Shannon"
Spider-Man,2002,2h 1m,PG-13,73,7.4, (943K),"After being bitten by a genetically-modified spider, a shy teenager gains spider-like abilities that he uses to fight injustice as a masked superhero and face a vengeful enemy.","Action, Adventure, Sci-Fi",Sam Raimi,"Tobey Maguire, Willem Dafoe, Kirsten Dunst"
Toy Story 3,2010,1h 43m,G,92,8.3, (949K),"The toys are mistakenly delivered to a day-care center instead of the attic right before Andy leaves for college, and it's up to Woody to convince the other toys that they weren't abandoned and to return home.","Animation, Adventure, Comedy",Lee Unkrich,"Tom Hanks, Tim Allen, Joan Cusack"
Harry Potter and the Deathly Hallows: Part 2,2011,2h 10m,PG-13,85,8.1, (1M),"As the battle between the forces of good and evil in the wizarding world escalates, Harry Potter draws ever closer to his final confrontation with Voldemort.","Adventure, Family, Fantasy",David Yates,"Ralph Fiennes, Michael Gambon, Alan Rickman"
Scarface,1983,2h 50m,R,65,8.3, (989K),"In the 1980s, a determined criminal-minded Cuban immigrant becomes the biggest drug smuggler in Miami, and is eventually undone by his own drug addiction.","Crime, Drama",Brian De Palma,"Al Pacino, Steven Bauer, Michelle Pfeiffer"
The Big Lebowski,1998,1h 57m,R,71,8.1, (903K),"Jeff ""The Dude"" Lebowski, mistaken for a millionaire of the same name, seeks restitution for his ruined rug and enlists his bowling buddies to help get it.","Comedy, Crime","Joel Coen, Ethan Coen","Jeff Bridges, John Goodman, Julianne Moore"
Thor,2011,1h 55m,PG-13,57,7, (948K),"The powerful but arrogant god Thor is cast out of Asgard to live amongst humans in Midgard (Earth), where he soon becomes one of their finest defenders.","Action, Fantasy",Kenneth Branagh,"Chris Hemsworth, Natalie Portman, Tom Hiddleston"
Star Wars: Episode I - The Phantom Menace,1999,2h 16m,PG,51,6.5, (908K),"Two Jedi escape a hostile blockade to find allies and come across a young boy who may bring balance to the Force, but the long-dormant Sith resurface to claim their former glory.","Action, Adventure, Fantasy",George Lucas,"Liam Neeson, Ewan McGregor, Natalie Portman"
Amélie,2001,2h 2m,R,70,8.3, (828K),"Despite being caught in her imaginative world, young waitress Amelie decides to help people find happiness. Her quest to spread joy leads her on a journey during which she finds true love.","Comedy, Romance",Jean-Pierre Jeunet,"Audrey Tautou, Mathieu Kassovitz, Rufus"
Silver Linings Playbook,2012,2h 2m,R,81,7.7, (765K),"After a stint in a mental institution, former teacher Pat Solitano moves back in with his parents and tries to reconcile with his ex-wife. Things get more challenging when Pat meets Tiffany, a mysterious girl with problems of her own.","Comedy, Drama, Romance",David O. Russell,"Bradley Cooper, Jennifer Lawrence, Robert De Niro"
City of God,2002,2h 10m,R,79,8.6, (852K),"In the slums of Rio, two kids' paths diverge as one struggles to become a photographer and the other a kingpin.","Crime, Drama","Kátia Lund, Fernando Meirelles","Alexandre Rodrigues, Leandro Firmino, Phellipe Haagensen"
District 9,2009,1h 52m,R,81,7.9, (743K),"In a future Earth in which aliens are isolated in a remote ghetto, a government agent finds himself banished there.","Action, Sci-Fi, Thriller",Neill Blomkamp,"Sharlto Copley, Jason Cope, David James"
I Am Legend,2007,1h 41m,PG-13,65,7.2, (862K),"Years after a plague kills most of humanity and transforms the rest into monsters, the sole survivor in New York City struggles valiantly to find a cure.","Drama, Horror, Sci-Fi",Francis Lawrence,"Will Smith, Alice Braga, Charlie Tahan"
Catch Me If You Can,2002,2h 21m,PG-13,75,8.1, (1.2M),"Barely 17 yet, Frank is a skilled forger who has passed as a doctor, lawyer and pilot. FBI agent Carl becomes obsessed with tracking down the con man, who only revels in the pursuit.","Biography, Crime, Drama",Steven Spielberg,"Leonardo DiCaprio, Tom Hanks, Christopher Walken"
Skyfall,2012,2h 23m,PG-13,81,7.8, (760K),"James Bond's loyalty to M is tested when her past comes back to haunt her. When MI6 comes under attack, 007 must track down and destroy the threat, no matter how personal the cost.","Action, Adventure, Thriller",Sam Mendes,"Daniel Craig, Judi Dench, Javier Bardem"
Pirates of the Caribbean: Dead Man's Chest,2006,2h 31m,PG-13,53,7.4, (810K),"Jack Sparrow races to recover the heart of Davy Jones to avoid enslaving his soul to Jones' service, as other friends and foes seek the heart for their own agenda as well.","Action, Adventure, Fantasy",Gore Verbinski,"Johnny Depp, Orlando Bloom, Keira Knightley"
Iron Man 2,2010,2h 4m,PG-13,57,6.9, (919K),"With the world now aware of his identity as Iron Man, Tony Stark must contend with both his declining health and a vengeful mad man with ties to his father's legacy.","Action, Sci-Fi",Jon Favreau,"Robert Downey Jr., Gwyneth Paltrow, Don Cheadle"
Star Wars: Episode III - Revenge of the Sith,2005,2h 20m,PG-13,68,7.6, (902K),"As the Clone Wars nears its end, Obi-Wan Kenobi pursues a new threat, while Anakin Skywalker is lured by Chancellor Palpatine into a sinister plot for galactic domination.","Action, Adventure, Fantasy",George Lucas,"Ewan McGregor, Natalie Portman, Hayden Christensen"
X-Men: First Class,2011,2h 11m,PG-13,65,7.7, (755K),"In the 1960s, superpowered humans Charles Xavier and Erik Lensherr work together to find others like them, but Erik's vengeful pursuit of an ambitious mutant who ruined his life causes a schism to divide them.","Action, Sci-Fi",Matthew Vaughn,"James McAvoy, Laurence Belcher, Michael Fassbender"
Indiana Jones and the Last Crusade,1989,2h 7m,PG-13,65,8.2, (850K),"In 1938, after his father goes missing while pursuing the Holy Grail, Indiana Jones finds himself up against the Nazis again to stop them from obtaining its powers.","Action, Adventure",Steven Spielberg,"Harrison Ford, Sean Connery, Denholm Elliott"
Transformers,2007,2h 24m,PG-13,61,7.1, (706K),"An ancient struggle between two Cybertronian races, the heroic Autobots and the evil Decepticons, comes to Earth, with a clue to the ultimate power held by a teenager.","Action, Adventure, Sci-Fi",Michael Bay,"Shia LaBeouf, Megan Fox, Josh Duhamel"
X-Men: Days of Future Past,2014,2h 12m,PG-13,75,7.9, (779K),The X-Men send Wolverine to the past in a desperate effort to change history and prevent an event that results in doom for both humans and mutants.,"Action, Adventure, Sci-Fi",Bryan Singer,"Hugh Jackman, James McAvoy, Michael Fassbender"
Kill Bill: Vol,2004,2h 17m,R,83,8, (850K),"The Bride continues her quest of vengeance against her former boss and lover Bill, the reclusive bouncer Budd, and the treacherous, one-eyed Elle.","Action, Crime, Thriller",Quentin Tarantino,"Vivica A. Fox, Ambrosia Kelley, Michael Parks"
Captain America: The First Avenger,2011,2h 4m,PG-13,66,6.9, (950K),"Steve Rogers, a rejected military soldier, transforms into Captain America after taking a dose of a ""Super-Soldier serum"". But being Captain America comes at a price as he attempts to take down a warmonger and a terrorist organization.","Action, Adventure, Sci-Fi",Joe Johnston,"Chris Evans, Hayley Atwell, Sebastian Stan"
Taxi Driver,1976,1h 54m,R,94,8.2, (1M),"A mentally unstable veteran works as a nighttime taxi driver in New York City, where the perceived decadence and sleaze fuels his urge for violent action.","Crime, Drama",Martin Scorsese,"Diahnne Abbott, Frank Adu, Victor Argo"
Star Trek,2009,2h 7m,PG-13,82,7.9, (633K),The brash James T. Kirk tries to live up to his father's legacy with Mr. Spock keeping him in check as a vengeful Romulan from the future creates black holes to destroy the Federation one planet at a time.,"Action, Adventure, Sci-Fi",J.J. Abrams,"Chris Pine, Zachary Quinto, Leonard Nimoy"
The King's Speech,2010,1h 58m,R,88,8, (727K),"The story of King George VI, his unexpected ascension to the throne of the British Empire in 1936, and the speech therapist who helped the unsure monarch overcome his stammer.","Biography, Drama, History",Tom Hooper,"Colin Firth, Geoffrey Rush, Helena Bonham Carter"
"The Good, the Bad and the Ugly",1966,2h 58m,R,90,8.8, (871K),A bounty-hunting scam joins two men in an uneasy alliance against a third in a race to find a fortune in gold buried in a remote cemetery.,"Adventure, Drama, Western",Sergio Leone,"Eli Wallach, Clint Eastwood, Lee Van Cleef"
The Intouchables,2011,1h 52m,R,57,8.5, (998K),"After he becomes a quadriplegic from a paragliding accident, an aristocrat hires a young man from the projects to be his caregiver.","Comedy, Drama","Olivier Nakache, Éric Toledano","François Cluzet, Omar Sy, Anne Le Ny"
The Hunger Games: Catching Fire,2013,2h 26m,PG-13,76,7.5, (759K),Katniss Everdeen and Peeta Mellark become targets of the Capitol after their victory in the 74th Hunger Games sparks a rebellion in the Districts of Panem.,"Action, Adventure, Sci-Fi",Francis Lawrence,"Jennifer Lawrence, Liam Hemsworth, Jack Quaid"
The Pianist,2002,2h 30m,R,85,8.5, (987K),"During WWII, acclaimed Polish musician Wladyslaw faces various struggles as he loses contact with his family. As the situation worsens, he hides in the ruins of Warsaw in order to survive.","Biography, Drama, Music",Roman Polanski,"Adrien Brody, Emilia Fox, Michal Zebrowski"
Captain America: The Winter Soldier,2014,2h 16m,PG-13,70,7.7, (953K),"As Steve Rogers struggles to embrace his role in the modern world, he teams up with a fellow Avenger and S.H.I.E.L.D agent, Black Widow, to battle a new threat from history: an assassin known as the Winter Soldier.","Action, Adventure, Sci-Fi","Anthony Russo, Joe Russo","Chris Evans, Samuel L. Jackson, Scarlett Johansson"
The Bourne Ultimatum,2007,1h 55m,PG-13,85,8, (677K),Jason Bourne dodges a ruthless C.I.A. official and his Agents from a new assassination program while searching for the origins of his life as a trained killer.,"Action, Mystery, Thriller",Paul Greengrass,"Matt Damon, Julia Stiles, David Strathairn"
Aliens,1986,2h 17m,R,84,8.4, (823K),"Decades after surviving the Nostromo incident, Ellen Ripley is sent out to re-establish contact with a terraforming colony but finds herself battling the Alien Queen and her offspring.","Action, Adventure, Horror",James Cameron,"Sigourney Weaver, Carrie Henn, Michael Biehn"
How to Train Your Dragon,2010,1h 38m,PG,75,8.1, (870K),"A hapless young Viking who aspires to hunt dragons becomes the unlikely friend of a young dragon himself, and learns there may be more to the creatures than he assumed.","Animation, Action, Adventure","Dean DeBlois, Chris Sanders","Jay Baruchel, Gerard Butler, Craig Ferguson"
Full Metal Jacket,1987,1h 56m,R,78,8.2, (835K),A pragmatic U.S. Marine observes the dehumanizing effects the Vietnam War has on his fellow recruits from their brutal boot camp training to the bloody street fighting in Hue.,"Drama, War",Stanley Kubrick,"Matthew Modine, Adam Baldwin, Vincent D'Onofrio"
Taken,2008,1h 30m,PG-13,51,7.7, (663K),"A retired CIA agent travels across Europe and relies on his old skills to save his estranged daughter, who has been kidnapped while on a trip to Paris.","Action, Crime, Thriller",Pierre Morel,"Liam Neeson, Maggie Grace, Leland Orser"
The Hobbit: The Desolation of Smaug,2013,2h 41m,PG-13,66,7.8, (741K),"The dwarves, along with Bilbo Baggins and Gandalf the Grey, continue their quest to reclaim the Lonely Mountain, their homeland, from the dragon Smaug.","Adventure, Fantasy",Peter Jackson,"Ian McKellen, Martin Freeman, Richard Armitage"
Million Dollar Baby,2004,2h 12m,PG-13,86,8.1, (755K),"Frankie, an ill-tempered old coach, reluctantly agrees to train aspiring boxer Maggie. Impressed with her determination and talent, he helps her become the best and the two soon form a close bond.","Drama, Sport",Clint Eastwood,"Clint Eastwood, Hilary Swank, Morgan Freeman"
The Social Network,2010,2h,PG-13,95,7.8, (803K),"As Harvard student Mark Zuckerberg creates the social networking site that would become known as Facebook, he is sued by the twins who claimed he stole their idea and by the co-founder who was later squeezed out of the business.","Biography, Drama",David Fincher,"Jesse Eisenberg, Rooney Mara, Bryan Barter"
The Incredibles,2004,1h 55m,PG,90,8, (877K),"While trying to lead a quiet suburban life, a family of undercover superheroes are forced into action to save the world.","Animation, Action, Adventure",Brad Bird,"Craig T. Nelson, Holly Hunter, Samuel L. Jackson"
